<ode class="struct"><subject>genetic regulation network</subject><refs class="cell"><cell>Bioinformatics 16(11): 1023-1037</cell><cell>Bioinformatics 19(5): 643-650</cell></refs><dx>a.*prod(x.^g,2)-b.*prod(x.^h,2)</dx><x0 class="double" size="5 1">0.7 0.12 0.14 0.16 0.18</x0><a class="double" size="5 1">5 10 10 8 10</a><g class="double" size="5 5">0 2 0 0 0 0 0 -1 0 0 1 0 0 2 0 0 0 0 0 2 -1 0 0 -1 0</g><b class="double" size="5 1">10 10 10 10 10</b><h class="double" size="5 5">2 0 0 0 0 0 2 -1 0 0 0 0 2 0 0 0 0 0 2 0 0 0 0 0 2</h></ode>